entity,code,year,annual_launches,cumulative_launches
Algeria,DZA,2002,1,1
Algeria,DZA,2010,1,2
Algeria,DZA,2016,3,5
Algeria,DZA,2017,1,6
Angola,AGO,2017,1,1
Angola,AGO,2022,1,2
Argentina,ARG,1990,1,1
Argentina,ARG,1996,3,4
Argentina,ARG,1997,1,5
Argentina,ARG,1998,1,6
Argentina,ARG,2000,2,8
Argentina,ARG,2002,2,10
Argentina,ARG,2007,1,11
Argentina,ARG,2011,1,12
Argentina,ARG,2013,2,14
Argentina,ARG,2014,2,16
Argentina,ARG,2015,1,17
Argentina,ARG,2018,1,18
Argentina,ARG,2020,1,19
Argentina,ARG,2021,1,20
Argentina,ARG,2022,1,21
Argentina,ARG,2023,1,22
Armenia,ARM,2022,1,1
Armenia,ARM,2023,1,2
Australia,AUS,1967,1,1
Australia,AUS,1970,1,2
Australia,AUS,1985,2,4
Australia,AUS,1987,1,5
Australia,AUS,1992,2,7
Australia,AUS,1994,1,8
Australia,AUS,1998,1,9
Australia,AUS,2002,1,10
Australia,AUS,2003,1,11
Australia,AUS,2006,1,12
Australia,AUS,2007,1,13
Australia,AUS,2009,1,14
Australia,AUS,2014,1,15
Australia,AUS,2015,1,16
Australia,AUS,2016,1,17
Australia,AUS,2017,1,18
Australia,AUS,2018,6,24
Australia,AUS,2019,1,25
Australia,AUS,2020,3,28
Australia,AUS,2021,8,36
Australia,AUS,2023,11,47
Australia,AUS,2024,9,56
Australia,AUS,2025,12,68
Austria,AUT,2013,2,2
Austria,AUT,2017,1,3
Austria,AUT,2023,1,4
Azerbaijan,AZE,2013,1,1
Azerbaijan,AZE,2014,1,2
Azerbaijan,AZE,2018,1,3
Azerbaijan,AZE,2025,1,4
Bahrain,BHR,2025,1,1
Bangladesh,BGD,2017,1,1
Bangladesh,BGD,2018,1,2
Belarus,BLR,2012,1,1
Belarus,BLR,2016,1,2
Belarus,BLR,2018,1,3
Belarus,BLR,2023,1,4
Belarus,BLR,2025,2,6
Belgium,BEL,2014,3,3
Belgium,BEL,2016,1,4
Belgium,BEL,2017,28,32
Belgium,BEL,2020,3,35
Belgium,BEL,2021,1,36
Belgium,BEL,2023,3,39
Belgium,BEL,2024,4,43
Belgium,BEL,2025,1,44
Bhutan,BTN,2018,1,1
Bolivia,BOL,2013,1,1
Botswana,BWA,2025,1,1
Brazil,BRA,1985,1,1
Brazil,BRA,1986,1,2
Brazil,BRA,1990,1,3
Brazil,BRA,1993,1,4
Brazil,BRA,1994,1,5
Brazil,BRA,1995,1,6
Brazil,BRA,1998,2,8
Brazil,BRA,1999,4,12
Brazil,BRA,2000,1,13
Brazil,BRA,2004,2,15
Brazil,BRA,2007,1,16
Brazil,BRA,2008,1,17
Brazil,BRA,2009,1,18
Brazil,BRA,2011,1,19
Brazil,BRA,2012,1,20
Brazil,BRA,2013,1,21
Brazil,BRA,2014,2,23
Brazil,BRA,2015,3,26
Brazil,BRA,2016,1,27
Brazil,BRA,2017,4,31
Brazil,BRA,2018,3,34
Brazil,BRA,2019,2,36
Brazil,BRA,2021,3,39
Brazil,BRA,2022,5,44
Brazil,BRA,2023,2,46
Brazil,BRA,2024,2,48
Bulgaria,BGR,2017,1,1
Bulgaria,BGR,2018,1,2
Bulgaria,BGR,2021,1,3
Bulgaria,BGR,2022,1,4
Bulgaria,BGR,2023,1,5
Bulgaria,BGR,2025,2,7
Canada,CAN,1962,1,1
Canada,CAN,1965,1,2
Canada,CAN,1969,1,3
Canada,CAN,1971,1,4
Canada,CAN,1972,2,6
Canada,CAN,1973,2,8
Canada,CAN,1975,1,9
Canada,CAN,1976,1,10
Canada,CAN,1978,1,11
Canada,CAN,1982,2,13
Canada,CAN,1983,1,14
Canada,CAN,1984,1,15
Canada,CAN,1985,1,16
Canada,CAN,1991,2,18
Canada,CAN,1992,1,19
Canada,CAN,1995,1,20
Canada,CAN,1996,1,21
Canada,CAN,1999,1,22
Canada,CAN,2000,1,23
Canada,CAN,2001,1,24
Canada,CAN,2002,2,26
Canada,CAN,2003,3,29
Canada,CAN,2004,1,30
Canada,CAN,2005,1,31
Canada,CAN,2007,2,33
Canada,CAN,2008,5,38
Canada,CAN,2009,2,40
Canada,CAN,2011,2,42
Canada,CAN,2012,2,44
Canada,CAN,2013,4,48
Canada,CAN,2014,4,52
Canada,CAN,2015,2,54
Canada,CAN,2016,3,57
Canada,CAN,2018,5,62
Canada,CAN,2019,3,65
Canada,CAN,2020,6,71
Canada,CAN,2021,11,82
Canada,CAN,2022,9,91
Canada,CAN,2023,18,109
Canada,CAN,2024,3,112
Canada,CAN,2025,6,118
Chile,CHL,1995,1,1
Chile,CHL,1998,1,2
Chile,CHL,2011,1,3
Chile,CHL,2017,1,4
Chile,CHL,2022,3,7
Chile,CHL,2024,1,8
China,CHN,1970,1,1
China,CHN,1971,1,2
China,CHN,1974,1,3
China,CHN,1975,3,6
China,CHN,1976,2,8
China,CHN,1978,1,9
China,CHN,1981,3,12
China,CHN,1982,1,13
China,CHN,1983,1,14
China,CHN,1984,3,17
China,CHN,1985,1,18
China,CHN,1986,2,20
China,CHN,1987,2,22
China,CHN,1988,4,26
China,CHN,1990,6,32
China,CHN,1991,1,33
China,CHN,1992,2,35
China,CHN,1993,1,36
China,CHN,1994,5,41
China,CHN,1995,1,42
China,CHN,1996,3,45
China,CHN,1997,7,52
China,CHN,1998,10,62
China,CHN,1999,10,72
China,CHN,2000,6,78
China,CHN,2001,2,80
China,CHN,2002,7,87
China,CHN,2003,9,96
China,CHN,2004,10,106
China,CHN,2005,7,113
China,CHN,2006,8,121
China,CHN,2007,10,131
China,CHN,2008,17,148
China,CHN,2009,8,156
China,CHN,2010,20,176
China,CHN,2011,20,196
China,CHN,2012,26,222
China,CHN,2013,19,241
China,CHN,2014,25,266
China,CHN,2015,38,304
China,CHN,2016,38,342
China,CHN,2017,31,373
China,CHN,2018,95,468
China,CHN,2019,76,544
China,CHN,2020,73,617
China,CHN,2021,110,727
China,CHN,2022,182,909
China,CHN,2023,210,1119
China,CHN,2024,266,1385
China,CHN,2025,374,1759
Colombia,COL,2007,1,1
Colombia,COL,2018,1,2
Colombia,COL,2023,1,3
Costa Rica,CRI,2018,1,1
Croatia,HRV,2024,1,1
Czechia,CZE,1978,1,1
Czechia,CZE,1989,1,2
Czechia,CZE,1991,1,3
Czechia,CZE,1995,1,4
Czechia,CZE,1996,1,5
Czechia,CZE,2003,1,6
Czechia,CZE,2019,1,7
Czechia,CZE,2022,3,10
Czechia,CZE,2023,1,11
Czechia,CZE,2024,1,12
Czechia,CZE,2025,3,15
Denmark,DNK,1999,1,1
Denmark,DNK,2003,2,3
Denmark,DNK,2008,1,4
Denmark,DNK,2013,2,6
Denmark,DNK,2014,1,7
Denmark,DNK,2015,1,8
Denmark,DNK,2016,1,9
Denmark,DNK,2018,2,11
Denmark,DNK,2019,1,12
Denmark,DNK,2023,2,14
Denmark,DNK,2025,2,16
Djibouti,DJI,2023,1,1
Djibouti,DJI,2024,1,2
Ecuador,ECU,2013,2,2
Ecuador,ECU,2025,1,3
Egypt,EGY,1998,1,1
Egypt,EGY,2000,1,2
Egypt,EGY,2007,1,3
Egypt,EGY,2010,1,4
Egypt,EGY,2014,1,5
Egypt,EGY,2019,4,9
Egypt,EGY,2022,1,10
Egypt,EGY,2023,3,13
Egypt,EGY,2024,1,14
Egypt,EGY,2025,1,15
Estonia,EST,2013,1,1
Estonia,EST,2019,1,2
Estonia,EST,2020,1,3
Estonia,EST,2023,1,4
Ethiopia,ETH,2019,1,1
Finland,FIN,2017,1,1
Finland,FIN,2018,4,5
Finland,FIN,2019,2,7
Finland,FIN,2020,2,9
Finland,FIN,2021,8,17
Finland,FIN,2022,4,21
Finland,FIN,2023,6,27
Finland,FIN,2024,4,31
Finland,FIN,2025,17,48
France,FRA,1965,3,3
France,FRA,1966,1,4
France,FRA,1967,2,6
France,FRA,1970,2,8
France,FRA,1971,2,10
France,FRA,1972,1,11
France,FRA,1974,2,13
France,FRA,1975,7,20
France,FRA,1977,2,22
France,FRA,1984,1,23
France,FRA,1985,1,24
France,FRA,1986,1,25
France,FRA,1988,2,27
France,FRA,1990,2,29
France,FRA,1991,2,31
France,FRA,1992,2,33
France,FRA,1993,3,36
France,FRA,1995,3,39
France,FRA,1996,1,40
France,FRA,1998,1,41
France,FRA,1999,2,43
France,FRA,2001,1,44
France,FRA,2002,3,47
France,FRA,2004,7,54
France,FRA,2005,1,55
France,FRA,2006,3,58
France,FRA,2008,1,59
France,FRA,2009,3,62
France,FRA,2010,9,71
France,FRA,2011,19,90
France,FRA,2012,5,95
France,FRA,2013,8,103
France,FRA,2014,2,105
France,FRA,2016,2,107
France,FRA,2017,2,109
France,FRA,2018,2,111
France,FRA,2019,7,118
France,FRA,2020,4,122
France,FRA,2021,9,131
France,FRA,2022,10,141
France,FRA,2023,12,153
France,FRA,2024,22,175
France,FRA,2025,25,200
Germany,DEU,1969,1,1
Germany,DEU,1970,1,2
Germany,DEU,1972,1,3
Germany,DEU,1974,4,7
Germany,DEU,1975,2,9
Germany,DEU,1976,1,10
Germany,DEU,1983,1,11
Germany,DEU,1984,1,12
Germany,DEU,1987,1,13
Germany,DEU,1988,1,14
Germany,DEU,1989,2,16
Germany,DEU,1990,2,18
Germany,DEU,1991,1,19
Germany,DEU,1992,1,20
Germany,DEU,1993,1,21
Germany,DEU,1994,3,24
Germany,DEU,1995,2,26
Germany,DEU,1996,1,27
Germany,DEU,1997,2,29
Germany,DEU,1998,3,32
Germany,DEU,1999,2,34
Germany,DEU,2000,3,37
Germany,DEU,2001,1,38
Germany,DEU,2002,5,43
Germany,DEU,2005,1,44
Germany,DEU,2006,1,45
Germany,DEU,2007,3,48
Germany,DEU,2008,9,57
Germany,DEU,2009,4,61
Germany,DEU,2010,2,63
Germany,DEU,2012,1,64
Germany,DEU,2013,6,70
Germany,DEU,2014,1,71
Germany,DEU,2016,2,73
Germany,DEU,2017,2,75
Germany,DEU,2018,11,86
Germany,DEU,2019,11,97
Germany,DEU,2020,5,102
Germany,DEU,2021,9,111
Germany,DEU,2022,10,121
Germany,DEU,2023,10,131
Germany,DEU,2024,7,138
Germany,DEU,2025,20,158
Ghana,GHA,2017,1,1
Greece,GRC,2003,1,1
Greece,GRC,2017,1,2
Greece,GRC,2019,1,3
Greece,GRC,2022,2,5
Greece,GRC,2025,5,10
Guatemala,GTM,2020,1,1
Hungary,HUN,2012,1,1
Hungary,HUN,2019,2,3
Hungary,HUN,2021,2,5
Hungary,HUN,2023,3,8
Hungary,HUN,2024,1,9
Hungary,HUN,2025,2,11
India,IND,1975,1,1
India,IND,1979,1,2
India,IND,1980,1,3
India,IND,1981,3,6
India,IND,1982,2,8
India,IND,1983,2,10
India,IND,1988,3,13
India,IND,1990,2,15
India,IND,1991,1,16
India,IND,1992,2,18
India,IND,1993,1,19
India,IND,1994,2,21
India,IND,1995,2,23
India,IND,1996,1,24
India,IND,1997,2,26
India,IND,1999,2,28
India,IND,2000,1,29
India,IND,2001,2,31
India,IND,2002,2,33
India,IND,2003,4,37
India,IND,2004,1,38
India,IND,2005,3,41
India,IND,2007,5,46
India,IND,2008,4,50
India,IND,2009,4,54
India,IND,2010,2,56
India,IND,2011,7,63
India,IND,2012,2,65
India,IND,2013,5,70
India,IND,2014,4,74
India,IND,2015,4,78
India,IND,2016,12,90
India,IND,2017,9,99
India,IND,2018,10,109
India,IND,2019,10,119
India,IND,2020,3,122
India,IND,2021,5,127
India,IND,2022,11,138
India,IND,2023,8,146
India,IND,2024,10,156
India,IND,2025,7,163
Indonesia,IDN,1976,1,1
Indonesia,IDN,1977,1,2
Indonesia,IDN,1983,1,3
Indonesia,IDN,1984,1,4
Indonesia,IDN,1987,1,5
Indonesia,IDN,1992,1,6
Indonesia,IDN,1996,2,8
Indonesia,IDN,1997,1,9
Indonesia,IDN,1999,1,10
Indonesia,IDN,2000,1,11
Indonesia,IDN,2005,1,12
Indonesia,IDN,2007,1,13
Indonesia,IDN,2012,1,14
Indonesia,IDN,2015,1,15
Indonesia,IDN,2016,2,17
Indonesia,IDN,2017,1,18
Indonesia,IDN,2018,1,19
Indonesia,IDN,2019,1,20
Indonesia,IDN,2023,2,22
Indonesia,IDN,2024,2,24
Indonesia,IDN,2025,1,25
Iran,IRN,2005,1,1
Iran,IRN,2009,1,2
Iran,IRN,2011,1,3
Iran,IRN,2012,1,4
Iran,IRN,2015,1,5
Iran,IRN,2020,1,6
Iran,IRN,2022,2,8
Iran,IRN,2023,1,9
Iran,IRN,2024,11,20
Iran,IRN,2025,4,24
Ireland,IRL,2023,1,1
Israel,ISR,1988,1,1
Israel,ISR,1990,1,2
Israel,ISR,1995,1,3
Israel,ISR,1996,1,4
Israel,ISR,1998,1,5
Israel,ISR,2000,1,6
Israel,ISR,2002,1,7
Israel,ISR,2003,1,8
Israel,ISR,2006,1,9
Israel,ISR,2007,1,10
Israel,ISR,2008,2,12
Israel,ISR,2010,1,13
Israel,ISR,2011,1,14
Israel,ISR,2013,1,15
Israel,ISR,2014,2,17
Israel,ISR,2016,1,18
Israel,ISR,2017,3,21
Israel,ISR,2019,3,24
Israel,ISR,2020,2,26
Israel,ISR,2021,4,30
Israel,ISR,2022,11,41
Israel,ISR,2023,5,46
Israel,ISR,2025,9,55
Italy,ITA,1964,2,2
Italy,ITA,1967,1,3
Italy,ITA,1971,1,4
Italy,ITA,1974,1,5
Italy,ITA,1977,1,6
Italy,ITA,1988,1,7
Italy,ITA,1991,1,8
Italy,ITA,1992,1,9
Italy,ITA,1993,2,11
Italy,ITA,1996,2,13
Italy,ITA,1999,1,14
Italy,ITA,2000,3,17
Italy,ITA,2001,1,18
Italy,ITA,2002,1,19
Italy,ITA,2004,1,20
Italy,ITA,2007,3,23
Italy,ITA,2008,1,24
Italy,ITA,2009,1,25
Italy,ITA,2010,1,26
Italy,ITA,2011,1,27
Italy,ITA,2012,4,31
Italy,ITA,2013,1,32
Italy,ITA,2014,2,34
Italy,ITA,2015,1,35
Italy,ITA,2016,1,36
Italy,ITA,2017,4,40
Italy,ITA,2018,1,41
Italy,ITA,2019,3,44
Italy,ITA,2020,1,45
Italy,ITA,2021,8,53
Italy,ITA,2022,11,64
Italy,ITA,2023,23,87
Italy,ITA,2024,11,98
Italy,ITA,2025,30,128
Japan,JPN,1970,1,1
Japan,JPN,1971,2,3
Japan,JPN,1972,1,4
Japan,JPN,1974,1,5
Japan,JPN,1975,2,7
Japan,JPN,1976,1,8
Japan,JPN,1977,4,12
Japan,JPN,1978,4,16
Japan,JPN,1979,2,18
Japan,JPN,1980,2,20
Japan,JPN,1981,3,23
Japan,JPN,1982,1,24
Japan,JPN,1983,3,27
Japan,JPN,1984,3,30
Japan,JPN,1985,2,32
Japan,JPN,1986,4,36
Japan,JPN,1987,3,39
Japan,JPN,1988,2,41
Japan,JPN,1989,4,45
Japan,JPN,1990,7,52
Japan,JPN,1991,2,54
Japan,JPN,1992,4,58
Japan,JPN,1993,1,59
Japan,JPN,1994,4,63
Japan,JPN,1995,4,67
Japan,JPN,1996,3,70
Japan,JPN,1997,7,77
Japan,JPN,1998,3,80
Japan,JPN,1999,1,81
Japan,JPN,2000,3,84
Japan,JPN,2001,4,88
Japan,JPN,2002,10,98
Japan,JPN,2003,7,105
Japan,JPN,2004,2,107
Japan,JPN,2005,5,112
Japan,JPN,2006,11,123
Japan,JPN,2007,6,129
Japan,JPN,2008,6,135
Japan,JPN,2009,12,147
Japan,JPN,2010,9,156
Japan,JPN,2011,4,160
Japan,JPN,2012,9,169
Japan,JPN,2013,5,174
Japan,JPN,2014,24,198
Japan,JPN,2015,4,202
Japan,JPN,2016,11,213
Japan,JPN,2017,16,229
Japan,JPN,2018,17,246
Japan,JPN,2019,21,267
Japan,JPN,2020,9,276
Japan,JPN,2021,24,300
Japan,JPN,2022,12,312
Japan,JPN,2023,16,328
Japan,JPN,2024,26,354
Japan,JPN,2025,30,384
Jordan,JOR,2018,1,1
Kazakhstan,KAZ,2006,1,1
Kazakhstan,KAZ,2011,1,2
Kazakhstan,KAZ,2014,3,5
Kazakhstan,KAZ,2017,1,6
Kazakhstan,KAZ,2018,3,9
Kenya,KEN,2018,1,1
Kenya,KEN,2023,1,2
Kuwait,KWT,2023,1,1
Laos,LAO,2015,1,1
Latvia,LVA,2017,1,1
Lithuania,LTU,2014,2,2
Lithuania,LTU,2019,2,4
Lithuania,LTU,2020,2,6
Lithuania,LTU,2021,3,9
Lithuania,LTU,2022,1,10
Lithuania,LTU,2023,3,13
Luxembourg,LUX,1988,1,1
Luxembourg,LUX,1991,1,2
Luxembourg,LUX,1993,1,3
Luxembourg,LUX,1994,1,4
Luxembourg,LUX,1995,1,5
Luxembourg,LUX,1996,1,6
Luxembourg,LUX,1997,1,7
Luxembourg,LUX,1998,1,8
Luxembourg,LUX,1999,1,9
Luxembourg,LUX,2000,2,11
Luxembourg,LUX,2001,1,12
Luxembourg,LUX,2002,2,14
Luxembourg,LUX,2006,1,15
Luxembourg,LUX,2007,1,16
Luxembourg,LUX,2008,1,17
Luxembourg,LUX,2010,2,19
Luxembourg,LUX,2011,2,21
Luxembourg,LUX,2012,2,23
Luxembourg,LUX,2013,1,24
Luxembourg,LUX,2014,2,26
Luxembourg,LUX,2018,9,35
Luxembourg,LUX,2019,4,39
Luxembourg,LUX,2020,8,47
Luxembourg,LUX,2021,11,58
Luxembourg,LUX,2022,16,74
Luxembourg,LUX,2023,13,87
Luxembourg,LUX,2024,8,95
Luxembourg,LUX,2025,14,109
Malaysia,MYS,1996,2,2
Malaysia,MYS,2000,1,3
Malaysia,MYS,2006,1,4
Malaysia,MYS,2009,2,6
Malaysia,MYS,2014,1,7
Malaysia,MYS,2018,2,9
Malaysia,MYS,2022,1,10
Malaysia,MYS,2023,2,12
Mauritius,MUS,2021,1,1
Mexico,MEX,1985,2,2
Mexico,MEX,1993,1,3
Mexico,MEX,1994,1,4
Mexico,MEX,1996,1,5
Mexico,MEX,1998,1,6
Mexico,MEX,2006,1,7
Mexico,MEX,2011,2,9
Mexico,MEX,2012,1,10
Mexico,MEX,2013,1,11
Mexico,MEX,2015,2,13
Mexico,MEX,2016,1,14
Mexico,MEX,2019,1,15
Mexico,MEX,2020,1,16
Mexico,MEX,2021,2,18
Mexico,MEX,2025,2,20
Moldova,MDA,2022,1,1
Monaco,MCO,2020,1,1
Mongolia,MNG,2017,1,1
Mongolia,MNG,2024,12,13
Morocco,MAR,2001,1,1
Morocco,MAR,2017,1,2
Morocco,MAR,2018,1,3
Morocco,MAR,2024,2,5
Nepal,NPL,2019,1,1
Nepal,NPL,2025,1,2
Netherlands,NLD,1974,1,1
Netherlands,NLD,2002,1,2
Netherlands,NLD,2008,1,3
Netherlands,NLD,2013,4,7
Netherlands,NLD,2017,1,8
Netherlands,NLD,2018,3,11
Netherlands,NLD,2021,3,14
Netherlands,NLD,2022,1,15
Netherlands,NLD,2023,2,17
New Zealand,NZL,2018,1,1
New Zealand,NZL,2019,1,2
New Zealand,NZL,2020,8,10
New Zealand,NZL,2021,4,14
New Zealand,NZL,2022,12,26
New Zealand,NZL,2025,1,27
Nigeria,NGA,2003,1,1
Nigeria,NGA,2011,2,3
Nigeria,NGA,2017,1,4
North Korea,PRK,2012,1,1
North Korea,PRK,2016,1,2
North Korea,PRK,2023,1,3
Norway,NOR,1997,1,1
Norway,NOR,1998,1,2
Norway,NOR,2005,1,3
Norway,NOR,2008,1,4
Norway,NOR,2009,1,5
Norway,NOR,2010,1,6
Norway,NOR,2013,1,7
Norway,NOR,2014,1,8
Norway,NOR,2015,1,9
Norway,NOR,2017,4,13
Norway,NOR,2021,1,14
Norway,NOR,2022,3,17
Norway,NOR,2023,3,20
Norway,NOR,2024,4,24
Norway,NOR,2025,3,27
Oman,OMN,2024,1,1
Pakistan,PAK,1990,1,1
Pakistan,PAK,2001,1,2
Pakistan,PAK,2011,1,3
Pakistan,PAK,2013,1,4
Pakistan,PAK,2018,2,6
Pakistan,PAK,2024,2,8
Pakistan,PAK,2025,3,11
Papua New Guinea,PNG,2014,1,1
Papua New Guinea,PNG,2015,1,2
Paraguay,PRY,2021,1,1
Peru,PER,2013,2,2
Peru,PER,2014,1,3
Peru,PER,2016,1,4
Philippines,PHL,1997,1,1
Philippines,PHL,2016,1,2
Philippines,PHL,2018,2,4
Philippines,PHL,2021,3,7
Philippines,PHL,2023,2,9
Poland,POL,2012,1,1
Poland,POL,2013,1,2
Poland,POL,2014,1,3
Poland,POL,2018,1,4
Poland,POL,2019,2,6
Poland,POL,2021,2,8
Poland,POL,2022,6,14
Poland,POL,2023,2,16
Poland,POL,2024,2,18
Poland,POL,2025,8,26
Portugal,PRT,1993,1,1
Portugal,PRT,2024,2,3
Portugal,PRT,2025,2,5
Qatar,QAT,2018,1,1
Qatar,QAT,2025,1,2
Romania,ROU,2012,1,1
Romania,ROU,2023,1,2
Russia,RUS,1957,2,2
Russia,RUS,1958,1,3
Russia,RUS,1959,3,6
Russia,RUS,1960,3,9
Russia,RUS,1961,7,16
Russia,RUS,1962,20,36
Russia,RUS,1963,17,53
Russia,RUS,1964,35,88
Russia,RUS,1965,64,152
Russia,RUS,1966,44,196
Russia,RUS,1967,66,262
Russia,RUS,1968,74,336
Russia,RUS,1969,70,406
Russia,RUS,1970,88,494
Russia,RUS,1971,98,592
Russia,RUS,1972,89,681
Russia,RUS,1973,109,790
Russia,RUS,1974,95,885
Russia,RUS,1975,111,996
Russia,RUS,1976,121,1117
Russia,RUS,1977,104,1221
Russia,RUS,1978,119,1340
Russia,RUS,1979,101,1441
Russia,RUS,1980,110,1551
Russia,RUS,1981,124,1675
Russia,RUS,1982,119,1794
Russia,RUS,1983,116,1910
Russia,RUS,1984,115,2025
Russia,RUS,1985,119,2144
Russia,RUS,1986,114,2258
Russia,RUS,1987,116,2374
Russia,RUS,1988,109,2483
Russia,RUS,1989,99,2582
Russia,RUS,1990,96,2678
Russia,RUS,1991,83,2761
Russia,RUS,1992,78,2839
Russia,RUS,1993,59,2898
Russia,RUS,1994,64,2962
Russia,RUS,1995,36,2998
Russia,RUS,1996,28,3026
Russia,RUS,1997,28,3054
Russia,RUS,1998,27,3081
Russia,RUS,1999,15,3096
Russia,RUS,2000,23,3119
Russia,RUS,2001,30,3149
Russia,RUS,2002,19,3168
Russia,RUS,2003,22,3190
Russia,RUS,2004,19,3209
Russia,RUS,2005,19,3228
Russia,RUS,2006,16,3244
Russia,RUS,2007,18,3262
Russia,RUS,2008,21,3283
Russia,RUS,2009,30,3313
Russia,RUS,2010,24,3337
Russia,RUS,2011,24,3361
Russia,RUS,2012,23,3384
Russia,RUS,2013,29,3413
Russia,RUS,2014,35,3448
Russia,RUS,2015,27,3475
Russia,RUS,2016,14,3489
Russia,RUS,2017,25,3514
Russia,RUS,2018,23,3537
Russia,RUS,2019,30,3567
Russia,RUS,2020,24,3591
Russia,RUS,2021,21,3612
Russia,RUS,2022,50,3662
Russia,RUS,2023,66,3728
Russia,RUS,2024,97,3825
Russia,RUS,2025,89,3914
Rwanda,RWA,2021,1,1
Rwanda,RWA,2023,3,4
Rwanda,RWA,2024,3,7
Rwanda,RWA,2025,5,12
Saudi Arabia,SAU,2000,2,2
Saudi Arabia,SAU,2002,1,3
Saudi Arabia,SAU,2004,3,6
Saudi Arabia,SAU,2007,6,12
Saudi Arabia,SAU,2014,1,13
Saudi Arabia,SAU,2018,2,15
Saudi Arabia,SAU,2021,2,17
Saudi Arabia,SAU,2025,2,19
Senegal,SEN,2024,1,1
Singapore,SGP,1998,1,1
Singapore,SGP,2011,2,3
Singapore,SGP,2013,1,4
Singapore,SGP,2014,2,6
Singapore,SGP,2015,6,12
Singapore,SGP,2019,1,13
Singapore,SGP,2022,4,17
Singapore,SGP,2023,10,27
Singapore,SGP,2024,1,28
Singapore,SGP,2025,3,31
Slovakia,SVK,2017,1,1
Slovakia,SVK,2021,1,2
Slovakia,SVK,2023,1,3
Slovakia,SVK,2024,1,4
Slovenia,SVN,2020,2,2
Slovenia,SVN,2022,1,3
Solomon Islands,SLB,2025,1,1
South Africa,ZAF,1999,1,1
South Africa,ZAF,2009,1,2
South Africa,ZAF,2013,1,3
South Africa,ZAF,2014,1,4
South Africa,ZAF,2018,1,5
South Africa,ZAF,2022,3,8
South Africa,ZAF,2023,1,9
South Korea,KOR,1992,1,1
South Korea,KOR,1993,1,2
South Korea,KOR,1995,1,3
South Korea,KOR,1996,1,4
South Korea,KOR,1999,3,7
South Korea,KOR,2003,1,8
South Korea,KOR,2004,1,9
South Korea,KOR,2006,2,11
South Korea,KOR,2010,2,13
South Korea,KOR,2012,1,14
South Korea,KOR,2013,6,20
South Korea,KOR,2015,1,21
South Korea,KOR,2017,5,26
South Korea,KOR,2018,11,37
South Korea,KOR,2020,2,39
South Korea,KOR,2021,4,43
South Korea,KOR,2022,8,51
South Korea,KOR,2023,12,63
South Korea,KOR,2024,5,68
South Korea,KOR,2025,22,90
Spain,ESP,1974,1,1
Spain,ESP,1992,1,2
Spain,ESP,1993,1,3
Spain,ESP,1995,1,4
Spain,ESP,1997,1,5
Spain,ESP,2000,1,6
Spain,ESP,2002,1,7
Spain,ESP,2004,1,8
Spain,ESP,2006,1,9
Spain,ESP,2009,2,11
Spain,ESP,2010,1,12
Spain,ESP,2012,1,13
Spain,ESP,2013,2,15
Spain,ESP,2014,1,16
Spain,ESP,2016,1,17
Spain,ESP,2017,1,18
Spain,ESP,2018,5,23
Spain,ESP,2019,2,25
Spain,ESP,2020,3,28
Spain,ESP,2021,1,29
Spain,ESP,2022,19,48
Spain,ESP,2023,13,61
Spain,ESP,2024,8,69
Spain,ESP,2025,17,86
Sri Lanka,LKA,2019,1,1
Sweden,SWE,1986,1,1
Sweden,SWE,1989,3,4
Sweden,SWE,1992,1,5
Sweden,SWE,1995,1,6
Sweden,SWE,1997,1,7
Sweden,SWE,1998,2,9
Sweden,SWE,2000,2,11
Sweden,SWE,2001,1,12
Sweden,SWE,2007,1,13
Sweden,SWE,2010,2,15
Sweden,SWE,2012,2,17
Sweden,SWE,2017,1,18
Sweden,SWE,2019,1,19
Sweden,SWE,2024,2,21
Switzerland,CHE,2009,1,1
Switzerland,CHE,2010,1,2
Switzerland,CHE,2018,1,3
Switzerland,CHE,2019,1,4
Switzerland,CHE,2020,1,5
Switzerland,CHE,2021,10,15
Switzerland,CHE,2022,4,19
Switzerland,CHE,2023,5,24
Taiwan,TWN,1999,1,1
Taiwan,TWN,2004,1,2
Taiwan,TWN,2006,6,8
Taiwan,TWN,2017,1,9
Taiwan,TWN,2019,6,15
Taiwan,TWN,2021,2,17
Taiwan,TWN,2022,2,19
Taiwan,TWN,2023,6,25
Taiwan,TWN,2024,3,28
Taiwan,TWN,2025,10,38
Thailand,THA,1993,1,1
Thailand,THA,1994,1,2
Thailand,THA,1997,1,3
Thailand,THA,1998,1,4
Thailand,THA,2005,1,5
Thailand,THA,2006,1,6
Thailand,THA,2008,1,7
Thailand,THA,2014,1,8
Thailand,THA,2016,1,9
Thailand,THA,2018,1,10
Thailand,THA,2019,1,11
Thailand,THA,2020,1,12
Thailand,THA,2021,2,14
Thailand,THA,2023,1,15
Thailand,THA,2025,1,16
Tunisia,TUN,2021,1,1
Turkey,TUR,1994,1,1
Turkey,TUR,1996,1,2
Turkey,TUR,2001,1,3
Turkey,TUR,2003,1,4
Turkey,TUR,2008,1,5
Turkey,TUR,2009,1,6
Turkey,TUR,2011,1,7
Turkey,TUR,2012,1,8
Turkey,TUR,2013,1,9
Turkey,TUR,2014,1,10
Turkey,TUR,2015,1,11
Turkey,TUR,2016,1,12
Turkey,TUR,2018,1,13
Turkey,TUR,2021,3,16
Turkey,TUR,2022,2,18
Turkey,TUR,2023,9,27
Turkey,TUR,2024,5,32
Turkey,TUR,2025,20,52
Turkmenistan,TKM,2015,1,1
Uganda,UGA,2022,1,1
Ukraine,UKR,1995,1,1
Ukraine,UKR,2004,2,3
Ukraine,UKR,2010,1,4
Ukraine,UKR,2011,2,6
Ukraine,UKR,2013,1,7
Ukraine,UKR,2014,1,8
Ukraine,UKR,2022,1,9
Ukraine,UKR,2023,1,10
United Arab Emirates,ARE,2000,1,1
United Arab Emirates,ARE,2003,1,2
United Arab Emirates,ARE,2008,1,3
United Arab Emirates,ARE,2009,1,4
United Arab Emirates,ARE,2011,1,5
United Arab Emirates,ARE,2012,1,6
United Arab Emirates,ARE,2013,1,7
United Arab Emirates,ARE,2017,1,8
United Arab Emirates,ARE,2018,1,9
United Arab Emirates,ARE,2019,1,10
United Arab Emirates,ARE,2020,3,13
United Arab Emirates,ARE,2021,4,17
United Arab Emirates,ARE,2022,3,20
United Arab Emirates,ARE,2023,2,22
United Arab Emirates,ARE,2024,1,23
United Arab Emirates,ARE,2025,13,36
United Kingdom,GBR,1962,1,1
United Kingdom,GBR,1964,1,2
United Kingdom,GBR,1967,1,3
United Kingdom,GBR,1969,2,5
United Kingdom,GBR,1970,1,6
United Kingdom,GBR,1971,2,8
United Kingdom,GBR,1974,4,12
United Kingdom,GBR,1979,2,14
United Kingdom,GBR,1981,2,16
United Kingdom,GBR,1984,2,18
United Kingdom,GBR,1988,1,19
United Kingdom,GBR,1989,2,21
United Kingdom,GBR,1990,5,26
United Kingdom,GBR,1991,1,27
United Kingdom,GBR,1994,2,29
United Kingdom,GBR,1998,1,30
United Kingdom,GBR,1999,2,32
United Kingdom,GBR,2000,4,36
United Kingdom,GBR,2001,1,37
United Kingdom,GBR,2003,1,38
United Kingdom,GBR,2005,3,41
United Kingdom,GBR,2007,2,43
United Kingdom,GBR,2008,3,46
United Kingdom,GBR,2009,3,49
United Kingdom,GBR,2010,3,52
United Kingdom,GBR,2011,2,54
United Kingdom,GBR,2012,4,58
United Kingdom,GBR,2013,7,65
United Kingdom,GBR,2014,10,75
United Kingdom,GBR,2015,7,82
United Kingdom,GBR,2016,1,83
United Kingdom,GBR,2017,7,90
United Kingdom,GBR,2018,12,102
United Kingdom,GBR,2019,14,116
United Kingdom,GBR,2020,104,220
United Kingdom,GBR,2021,289,509
United Kingdom,GBR,2022,112,621
United Kingdom,GBR,2023,145,766
United Kingdom,GBR,2024,31,797
United Kingdom,GBR,2025,10,807
United States,USA,1958,7,7
United States,USA,1959,11,18
United States,USA,1960,17,35
United States,USA,1961,31,66
United States,USA,1962,55,121
United States,USA,1963,54,175
United States,USA,1964,71,246
United States,USA,1965,94,340
United States,USA,1966,99,439
United States,USA,1967,85,524
United States,USA,1968,61,585
United States,USA,1969,62,647
United States,USA,1970,31,678
United States,USA,1971,46,724
United States,USA,1972,37,761
United States,USA,1973,28,789
United States,USA,1974,19,808
United States,USA,1975,30,838
United States,USA,1976,26,864
United States,USA,1977,24,888
United States,USA,1978,35,923
United States,USA,1979,19,942
United States,USA,1980,16,958
United States,USA,1981,20,978
United States,USA,1982,20,998
United States,USA,1983,26,1024
United States,USA,1984,31,1055
United States,USA,1985,30,1085
United States,USA,1986,11,1096
United States,USA,1987,10,1106
United States,USA,1988,19,1125
United States,USA,1989,25,1150
United States,USA,1990,44,1194
United States,USA,1991,32,1226
United States,USA,1992,28,1254
United States,USA,1993,31,1285
United States,USA,1994,35,1320
United States,USA,1995,40,1360
United States,USA,1996,41,1401
United States,USA,1997,88,1489
United States,USA,1998,91,1580
United States,USA,1999,80,1660
United States,USA,2000,56,1716
United States,USA,2001,34,1750
United States,USA,2002,33,1783
United States,USA,2003,28,1811
United States,USA,2004,21,1832
United States,USA,2005,21,1853
United States,USA,2006,36,1889
United States,USA,2007,46,1935
United States,USA,2008,25,1960
United States,USA,2009,38,1998
United States,USA,2010,36,2034
United States,USA,2011,30,2064
United States,USA,2012,34,2098
United States,USA,2013,80,2178
United States,USA,2014,96,2274
United States,USA,2015,105,2379
United States,USA,2016,105,2484
United States,USA,2017,286,2770
United States,USA,2018,191,2961
United States,USA,2019,362,3323
United States,USA,2020,984,4307
United States,USA,2021,1232,5539
United States,USA,2022,1936,7475
United States,USA,2023,2233,9708
United States,USA,2024,2261,11969
United States,USA,2025,3708,15677
Uruguay,URY,2014,1,1
Uruguay,URY,2016,2,3
Uruguay,URY,2017,1,4
Uruguay,URY,2018,2,6
Uruguay,URY,2020,13,19
Uruguay,URY,2021,4,23
Uruguay,URY,2022,9,32
Uruguay,URY,2023,13,45
Uruguay,URY,2024,4,49
Uruguay,URY,2025,4,53
Venezuela,VEN,2008,2,2
Venezuela,VEN,2012,1,3
Venezuela,VEN,2017,1,4
Vietnam,VNM,2008,1,1
Vietnam,VNM,2012,2,3
Vietnam,VNM,2013,2,5
Vietnam,VNM,2019,1,6
Zimbabwe,ZWE,2022,1,1
Zimbabwe,ZWE,2024,1,2
